{"cameraMode":{"drawMode":0,"name":"Shaded","section":"Shading Mode"},"sceneLighting":false,"audioPlay":false,"sceneViewState":{"showFog":true,"showMaterialUpdate":false,"showSkybox":true,"showFlares":true,"showImageEffects":true,"showParticleSystems":true},"in2DMode":false,"pivot":{"x":372.7688903808594,"y":16.53296661376953,"z":244.75607299804688},"rotation":{"x":-0.0003614559827838093,"y":0.999221920967102,"z":0.010179892182350159,"w":0.03810429945588112},"size":21.47430419921875,"orthographic":false}