{"cameraMode":{"drawMode":0,"name":"Shaded","section":"Shading Mode"},"sceneLighting":false,"audioPlay":false,"sceneViewState":{"showFog":true,"showMaterialUpdate":false,"showSkybox":true,"showFlares":true,"showImageEffects":true,"showParticleSystems":true},"in2DMode":false,"pivot":{"x":-3.136672258377075,"y":0.14300000667572022,"z":3.1949450969696047},"rotation":{"x":-0.3885047733783722,"y":-0.03509482741355896,"z":0.014780283905565739,"w":-0.920659601688385},"size":0.5337899923324585,"orthographic":false}