{"cameraMode":{"drawMode":0,"name":"Shaded","section":"Shading Mode"},"sceneLighting":false,"audioPlay":false,"sceneViewState":{"showFog":true,"showMaterialUpdate":false,"showSkybox":true,"showFlares":true,"showImageEffects":true,"showParticleSystems":true},"in2DMode":false,"pivot":{"x":-0.44785165786743166,"y":0.15720972418785096,"z":4.15383768081665},"rotation":{"x":0.22678552567958833,"y":0.14257247745990754,"z":-0.033553943037986758,"w":0.9628683924674988},"size":0.7662464380264282,"orthographic":false}