{"cameraMode":{"drawMode":0,"name":"Shaded","section":"Shading Mode"},"sceneLighting":false,"audioPlay":false,"sceneViewState":{"showFog":true,"showMaterialUpdate":false,"showSkybox":true,"showFlares":true,"showImageEffects":true,"showParticleSystems":true},"in2DMode":false,"pivot":{"x":-0.9234976768493652,"y":3.1664440631866457,"z":2.160120964050293},"rotation":{"x":0.3549565374851227,"y":-0.20372739434242249,"z":0.07958714663982392,"w":0.9089372158050537},"size":10.737153053283692,"orthographic":false}