{"cameraMode":{"drawMode":0,"name":"Shaded","section":"Shading Mode"},"sceneLighting":false,"audioPlay":false,"sceneViewState":{"showFog":true,"showMaterialUpdate":false,"showSkybox":true,"showFlares":true,"showImageEffects":true,"showParticleSystems":true},"in2DMode":false,"pivot":{"x":-0.33503103256225588,"y":0.47434234619140627,"z":-2.3889598846435549},"rotation":{"x":0.3308781385421753,"y":-0.29307815432548525,"z":0.10894179344177246,"w":0.8903688192367554},"size":22.0,"orthographic":false}