{"cameraMode":{"drawMode":0,"name":"Shaded","section":"Shading Mode"},"sceneLighting":false,"audioPlay":false,"sceneViewState":{"showFog":true,"showMaterialUpdate":false,"showSkybox":true,"showFlares":true,"showImageEffects":true,"showParticleSystems":true},"in2DMode":false,"pivot":{"x":382.8169860839844,"y":-18.951385498046876,"z":286.32025146484377},"rotation":{"x":-0.3885047733783722,"y":-0.03509482741355896,"z":0.014780283905565739,"w":-0.920659601688385},"size":116.24092864990235,"orthographic":false}