{"cameraMode":{"drawMode":0,"name":"Shaded","section":"Shading Mode"},"sceneLighting":false,"audioPlay":false,"sceneViewState":{"showFog":true,"showMaterialUpdate":false,"showSkybox":true,"showFlares":true,"showImageEffects":true,"showParticleSystems":true},"in2DMode":false,"pivot":{"x":-0.005147337913513184,"y":0.949881374835968,"z":0.013808012008666993},"rotation":{"x":0.06786783039569855,"y":0.9134684205055237,"z":-0.17076967656612397,"w":0.3630523979663849},"size":4.610653400421143,"orthographic":false}