{"cameraMode":{"drawMode":0,"name":"Shaded","section":"Shading Mode"},"sceneLighting":false,"audioPlay":false,"sceneViewState":{"showFog":true,"showMaterialUpdate":false,"showSkybox":true,"showFlares":true,"showImageEffects":true,"showParticleSystems":true},"in2DMode":false,"pivot":{"x":-127.87796020507813,"y":734.385009765625,"z":317.1186828613281},"rotation":{"x":0.04879307001829147,"y":0.8927884101867676,"z":-0.09979217499494553,"w":0.43656569719314577},"size":1270.29345703125,"orthographic":false}