{"cameraMode":{"drawMode":0,"name":"Shaded","section":"Shading Mode"},"sceneLighting":false,"audioPlay":false,"sceneViewState":{"showFog":true,"showMaterialUpdate":false,"showSkybox":true,"showFlares":true,"showImageEffects":true,"showParticleSystems":true},"in2DMode":false,"pivot":{"x":73.63851928710938,"y":184.8638916015625,"z":41.84100341796875},"rotation":{"x":0.020369475707411767,"y":0.8271533250808716,"z":-0.03005097061395645,"w":0.5608025193214417},"size":703.716796875,"orthographic":false}