{"cameraMode":{"drawMode":0,"name":"Shaded","section":"Shading Mode"},"sceneLighting":false,"audioPlay":false,"sceneViewState":{"showFog":true,"showMaterialUpdate":false,"showSkybox":true,"showFlares":true,"showImageEffects":true,"showParticleSystems":true},"in2DMode":false,"pivot":{"x":83.38861083984375,"y":589.3265380859375,"z":569.7728271484375},"rotation":{"x":-0.04780212789773941,"y":0.5686161518096924,"z":0.0331207700073719,"w":0.8205447196960449},"size":1598.231689453125,"orthographic":false}