{"cameraMode":{"drawMode":0,"name":"Shaded","section":"Shading Mode"},"sceneLighting":false,"audioPlay":false,"sceneViewState":{"showFog":true,"showMaterialUpdate":false,"showSkybox":true,"showFlares":true,"showImageEffects":true,"showParticleSystems":true},"in2DMode":false,"pivot":{"x":-1.577575445175171,"y":-0.5055017471313477,"z":3.6141152381896974},"rotation":{"x":0.18722298741340638,"y":-0.1974150836467743,"z":0.03844030573964119,"w":0.9615077972412109},"size":10.0,"orthographic":false}