{"cameraMode":{"drawMode":0,"name":"Shaded","section":"Shading Mode"},"sceneLighting":false,"audioPlay":false,"sceneViewState":{"showFog":true,"showMaterialUpdate":false,"showSkybox":true,"showFlares":true,"showImageEffects":true,"showParticleSystems":true},"in2DMode":false,"pivot":{"x":-0.33503103256225588,"y":0.47434234619140627,"z":-2.3889598846435549},"rotation":{"x":0.054860543459653857,"y":0.9429591298103333,"z":-0.19686062633991242,"w":0.26280108094215395},"size":11.01966381072998,"orthographic":false}