{"cameraMode":{"drawMode":0,"name":"Shaded","section":"Shading Mode"},"sceneLighting":false,"audioPlay":false,"sceneViewState":{"showFog":true,"showMaterialUpdate":false,"showSkybox":true,"showFlares":true,"showImageEffects":true,"showParticleSystems":true},"in2DMode":true,"pivot":{"x":1222.103515625,"y":501.0478515625,"z":5.0},"rotation":{"x":0.000020335979570518248,"y":0.0007357304566539824,"z":-0.00003778643804253079,"w":0.9999997615814209},"size":1684.5858154296875,"orthographic":true}